       X_x,     ACC_t,    ACCi_i,ACCi_$whenCondition1,ACCi_sample_ACCi,
9.9999999999e-01,0.0000000000e+00,9.0000000000e+01,9.1000000000e+01,0.0000000000e+00,
